scrappedUrl	eventname	startdate	enddate	timing	eventinfo	ticketlist	orgProfile	orgName	orgWeb	logo	sponsor	agendalist	type	category	city	country	venue	event_website	googlePlaceUrl	ContactMail	Speakerlist	online_event
https://www.dmgp-kongress.de	35. Jahrestagung der Deutschsprachigen medizinischen Gesellschaft für Paraplegiologie DMGP	2022-06-22	2022-06-25					Conventus Congressmanagement & Marketing	https://www.conventus.de/						Bad Wildungen, DE	34537	Bad Wildungen, DE	https://www.dmgp-kongress.de	https://www.google.com/maps/place/34537+Bad+Wildungen,+Germany/data=!4m2!3m1!1s0x47bb64ad0dc0fa93:0x422435029b0b110?sa=X&ved=2ahUKEwjz893PmsH4AhUN5hoKHTmZBEoQ8gF6BAg4EAE	"[""post@conventus.de""]"		0
https://www.akademie-der-dwg.de/veranstaltungen/kursuebersicht/	DWG Konservativer Basiskurs 2022 - Modul 1	2022-06-23	2022-06-24					Conventus Congressmanagement & Marketing	https://www.conventus.de/						Bernau-Felden, DE		Bernau-Felden, DE	https://www.akademie-der-dwg.de/veranstaltungen/kursuebersicht/	https://www.google.com/maps/place/Felden,+83233+Bernau+am+Chiemsee,+Germany/data=!4m2!3m1!1s0x47766cc7c2c745eb:0xb0f1314ef42489e9?sa=X&ved=2ahUKEwj64-3YmsH4AhVMxoUKHWE4AwIQ8gF6BAgSEAE	"[""post@conventus.de""]"		0
https://www.br-kolloquium.de/	53. Bad Reichenhaller Kolloquium	2022-06-24	2022-06-25					Conventus Congressmanagement & Marketing	https://www.conventus.de/						Berchtesgaden, DE	83471	Berchtesgaden, DE	https://www.br-kolloquium.de/	https://www.google.com/maps/place/83471+Berchtesgaden,+Germany/data=!4m2!3m1!1s0x4776eb5da8d79dd3:0x41d25a40937b770?sa=X&ved=2ahUKEwjm4_HimsH4AhUKuRoKHaE0AV8Q8gF6BAg8EAE	"[""post@conventus.de""]"		0
https://www.fast-track-berlin.de	Fast Track Endoprothetik 1. Berliner Kongress	2022-06-24	2022-06-25					Conventus Congressmanagement & Marketing	https://www.conventus.de/						Berlin, DE	Germany	Berlin, DE	https://www.fast-track-berlin.de	https://www.google.com/maps/place/Berlin,+Germany/data=!4m2!3m1!1s0x47a84e373f035901:0x42120465b5e3b70?sa=X&ved=2ahUKEwjfvJHtmsH4AhXB_4UKHTZrCkgQ8gF6BAg3EAE	"[""post@conventus.de""]"		0
https://www.diabetes-sachsen.de	Diabetes in Sachsen SGSE	2022-06-24	2022-06-25					Conventus Congressmanagement & Marketing	https://www.conventus.de/						Chemnitz, DE		Chemnitz, DE	https://www.diabetes-sachsen.de		"[""post@conventus.de""]"		0
https://www.akademie-der-dwg.de/veranstaltungen/kursuebersicht/	DWG Konservativer Basiskurs 2022 - Modul 2	2022-07-01	2022-07-02					Conventus Congressmanagement & Marketing	https://www.conventus.de/						Sommerfeld, DE		Sommerfeld, DE	https://www.akademie-der-dwg.de/veranstaltungen/kursuebersicht/	https://www.google.com/maps/place/Sommerfeld+AG/@53.1252,8.0863,15z/data=!4m2!3m1!1s0x0:0xd7d0b9c977403d91?sa=X&ved=2ahUKEwilrf2Em8H4AhVPzBoKHfm2B0gQ_BJ6BAgZEAU	"[""post@conventus.de""]"		0
https://www.neurotrauma2022.com	15th International Neurotrauma Symposium	2022-07-17	2022-07-20					Conventus Congressmanagement & Marketing	https://www.conventus.de/						Berlin, DE	Germany	Berlin, DE	https://www.neurotrauma2022.com	https://www.google.com/maps/place/Berlin,+Germany/data=!4m2!3m1!1s0x47a84e373f035901:0x42120465b5e3b70?sa=X&ved=2ahUKEwjfvJHtmsH4AhXB_4UKHTZrCkgQ8gF6BAg3EAE	"[""post@conventus.de""]"		0
https://www.akademie-der-dwg.de/veranstaltungen/kursuebersicht/	DWG Basiskurs 2022 - Modul 2	2022-08-09	2022-08-11					Conventus Congressmanagement & Marketing	https://www.conventus.de/						Münster, DE	Germany	Münster, DE	https://www.akademie-der-dwg.de/veranstaltungen/kursuebersicht/	https://www.google.com/maps/place/M%C3%BCnster,+Germany/data=!4m2!3m1!1s0x47b9bac399f760df:0x21eb4ca77bf328eb?sa=X&ved=2ahUKEwjLp_KYm8H4AhWDwoUKHbNoB0kQ8gF6BAg4EAE	"[""post@conventus.de""]"		0
https://www.botanik-tagung.de/	Botanik-Tagung - International Conference of the German Society for Plant Sciences	2022-08-28	2022-09-01					Conventus Congressmanagement & Marketing	https://www.conventus.de/						Bonn, DE		Bonn, DE	https://www.botanik-tagung.de/		"[""post@conventus.de""]"		0
https://www.ess2022.de	17th Meeting of the European Society of Sonochemistry ESS	2022-08-28	2022-09-01					Conventus Congressmanagement & Marketing	https://www.conventus.de/						Jena, DE	Germany	Jena, DE	https://www.ess2022.de	https://www.google.com/maps/place/Jena,+Germany/data=!4m2!3m1!1s0x47a6a8b94f0a2f59:0x4208ec174333620?sa=X&ved=2ahUKEwiIuZazm8H4AhWRgc4BHaT_B0gQ8gF6BAgoEAE	"[""post@conventus.de""]"		0
https://www.biocat-conference.de	10th International Congress on Biocatalysis	2022-08-28	2022-09-01					Conventus Congressmanagement & Marketing	https://www.conventus.de/						Hamburg, DE	Germany	Hamburg, DE	https://www.biocat-conference.de	https://www.google.com/maps/place/Hamburg,+Germany/data=!4m2!3m1!1s0x47b161837e1813b9:0x4263df27bd63aa0?sa=X&ved=2ahUKEwiQjNe8m8H4AhVBxIUKHd8DAEoQ8gF6BAgUEAE	"[""post@conventus.de""]"		0
https://www.akademie-der-dwg.de/veranstaltungen/kursuebersicht/	DWG Basiskurs 2021 - Modul 2	2022-08-31	2022-09-02					Conventus Congressmanagement & Marketing	https://www.conventus.de/						Hamburg, DE	Germany	Hamburg, DE	https://www.akademie-der-dwg.de/veranstaltungen/kursuebersicht/	https://www.google.com/maps/place/Hamburg,+Germany/data=!4m2!3m1!1s0x47b161837e1813b9:0x4263df27bd63aa0?sa=X&ved=2ahUKEwiQjNe8m8H4AhVBxIUKHd8DAEoQ8gF6BAgUEAE	"[""post@conventus.de""]"		0
http://www.mdhno.de	31. Jahrestagung der Vereinigung Mitteldeutscher HNO-Ärzte MDHNO	2022-09-02	2022-09-03					Conventus Congressmanagement & Marketing	https://www.conventus.de/						Dresden, DE	Germany	Dresden, DE	http://www.mdhno.de	https://www.google.com/maps/place/Dresden,+Germany/data=!4m2!3m1!1s0x4709cf29101ad6a9:0x421b1cb4288feb0?sa=X&ved=2ahUKEwiigMjQm8H4AhUShc4BHaILDkoQ8gF6BAgfEAE	"[""post@conventus.de""]"		0
https://www.dghm-kongress.de	74. Jahrestagung der Deutschen Gesellschaft für Hygiene und Mikrobiologie	2022-09-05	2022-09-07					Conventus Congressmanagement & Marketing	https://www.conventus.de/						Berlin, DE	Germany	Berlin, DE	https://www.dghm-kongress.de	https://www.google.com/maps/place/Berlin,+Germany/data=!4m2!3m1!1s0x47a84e373f035901:0x42120465b5e3b70?sa=X&ved=2ahUKEwjt-obbm8H4AhVShc4BHc0DAkcQ8gF6BAg6EAE	"[""post@conventus.de""]"		0
https://www.akademie-der-dwg.de/veranstaltungen/kursuebersicht/	DWG Konservativer Basiskurs 2022 - Modul 1	2022-09-12	2022-09-13					Conventus Congressmanagement & Marketing	https://www.conventus.de/						Halle, DE	Germany	Halle, DE	https://www.akademie-der-dwg.de/veranstaltungen/kursuebersicht/	https://www.google.com/maps/place/Halle+(Saale),+Germany/data=!4m2!3m1!1s0x47a66347fcfc709f:0x4236659f806e460?sa=X&ved=2ahUKEwiQ6uvjm8H4AhX3hc4BHchvA0sQ8gF6BAg9EAE	"[""post@conventus.de""]"		0
https://www.dmykg-kongress.de	56. Wissenschaftliche Tagung der Deutschsprachigen Mykologischen Gesellschaft DMykG gemeinsam mit der Österreichischen Gesellschaft für Medizinische Mykologie ÖGMM	2022-09-12	2022-09-14					Conventus Congressmanagement & Marketing	https://www.conventus.de/						Wien, AT	Wien	Wien, AT	https://www.dmykg-kongress.de	https://www.google.com/maps/place/Vienna,+Austria/data=!4m2!3m1!1s0x476d079e5136ca9f:0xfdc2e58a51a25b46?sa=X&ved=2ahUKEwiAw-ztm8H4AhUQ7xoKHQiKAEwQ8gF6BAg1EAE	"[""post@conventus.de""]"		0
https://www.ado-kongress.de	32. Deutscher Hautkrebskongress	2022-09-14	2022-09-17					Conventus Congressmanagement & Marketing	https://www.conventus.de/						Hannover, DE	Hannover	Hannover, DE	https://www.ado-kongress.de	https://www.google.com/maps/place/Hanover,+Germany/data=!4m2!3m1!1s0x47b00b514d494f85:0x425ac6d94ac4720?sa=X&ved=2ahUKEwizkpb4m8H4AhWK04UKHZTWB0gQ8gF6BAgCEAE	"[""post@conventus.de""]"		0
https://www.dgni.de/summer-school.html	DGNI Summer School (IGNITE) 2022	2022-09-14	2022-09-16					Conventus Congressmanagement & Marketing	https://www.conventus.de/						Jena, DE	Germany	Jena, DE	https://www.dgni.de/summer-school.html	https://www.google.com/maps/place/Jena,+Germany/data=!4m2!3m1!1s0x47a6a8b94f0a2f59:0x4208ec174333620?sa=X&ved=2ahUKEwiIuZazm8H4AhWRgc4BHaT_B0gQ8gF6BAgoEAE	"[""post@conventus.de""]"		0
https://www.dgbm-kongress.de	28th Annual Meeting of the German Society for Biomaterials (DGBM)	2022-09-14	2022-09-17					Conventus Congressmanagement & Marketing	https://www.conventus.de/						Essen, DE	Germany	Essen, DE	https://www.dgbm-kongress.de	https://www.google.com/maps/place/Essen,+Germany/data=!4m2!3m1!1s0x47b8c2b796abf639:0x6a00e111a4ad2c9d?sa=X&ved=2ahUKEwiYhYmNnMH4AhWU44UKHVtTBEgQ8gF6BAgqEAE	"[""post@conventus.de""]"		0
https://www.esho2022.eu	34th Annual Meeting of the European Society for Hyperthermic Oncology ESHO	2022-09-14	2022-09-17					Conventus Congressmanagement & Marketing	https://www.conventus.de/						Göteborg, SE		Göteborg, SE	https://www.esho2022.eu		"[""post@conventus.de""]"		0
https://www.akademie-der-dwg.de/veranstaltungen/kursuebersicht/	DWG Konservativer Basiskurs 2022 - Modul 3	2022-09-15	2022-09-16					Conventus Congressmanagement & Marketing	https://www.conventus.de/						Dresden, DE	Germany	Dresden, DE	https://www.akademie-der-dwg.de/veranstaltungen/kursuebersicht/	https://www.google.com/maps/place/Dresden,+Germany/data=!4m2!3m1!1s0x4709cf29101ad6a9:0x421b1cb4288feb0?sa=X&ved=2ahUKEwiigMjQm8H4AhUShc4BHaILDkoQ8gF6BAgfEAE	"[""post@conventus.de""]"		0
http://hno-konferenz.de/index.php/tagungen/kongresse/deutsch-franzoesischer-hno-kongress	Deutsch-Französischer HNO Kongress	2022-09-15	2022-09-17					Conventus Congressmanagement & Marketing	https://www.conventus.de/						Tübingen, DE	Germany	Tübingen, DE	http://hno-konferenz.de/index.php/tagungen/kongresse/deutsch-franzoesischer-hno-kongress	https://www.google.com/maps/place/T%C3%BCbingen,+Germany/data=!4m2!3m1!1s0x4799fad4edcdd081:0xac08aecefe33a78d?sa=X&ved=2ahUKEwi1vresnMH4AhWS4oUKHR8ODUkQ8gF6BAg4EAE	"[""post@conventus.de""]"		0
https://www.european-pelvic-course.de	8th European Pelvic Course	2022-09-15	2022-09-17					Conventus Congressmanagement & Marketing	https://www.conventus.de/						Amsterdam, NL	Netherlands	Amsterdam, NL	https://www.european-pelvic-course.de	https://www.google.com/maps/place/Amsterdam,+Netherlands/data=!4m2!3m1!1s0x47c63fb5949a7755:0x6600fd4cb7c0af8d?sa=X&ved=2ahUKEwjZybW4nMH4AhUM_IUKHdB_CEwQ8gF6BAg2EAE	"[""post@conventus.de""]"		0
https://www.aal-tagung.de	21. Jahrestagung der Arbeitsgemeinschaft Akkreditierter Laboratorien AAL	2022-09-16	2022-09-17					Conventus Congressmanagement & Marketing	https://www.conventus.de/						Lübeck, DE	Germany	Lübeck, DE	https://www.aal-tagung.de	https://www.google.com/maps/place/L%C3%BCbeck,+Germany/data=!4m2!3m1!1s0x47b20953f70b9df3:0xf4725f573e7e12b4?sa=X&ved=2ahUKEwjJ-oHDnMH4AhVPhM4BHakpA0sQ8gF6BAhAEAE	"[""post@conventus.de""]"		0
https://www.macrophage.de/?page_id=28	35th Annual Conference of the European Macrophage & Dendritic Cell Society	2022-09-19	2022-09-21					Conventus Congressmanagement & Marketing	https://www.conventus.de/						Bonn, DE		Bonn, DE	https://www.macrophage.de/?page_id=28		"[""post@conventus.de""]"		0
https://www.dgmp-kongress.de	53. Jahrestagung der Deutschen Gesellschaft für Medizinische Physik DGMP und 24. Jahrestagung der Deutschen Sektion der ISMRM	2022-09-21	2022-09-24					Conventus Congressmanagement & Marketing	https://www.conventus.de/						Aachen, DE	Germany	Aachen, DE	https://www.dgmp-kongress.de	https://www.google.com/maps/place/Aachen,+Germany/data=!4m2!3m1!1s0x47c0997cb08a191d:0x63a30eae0b0e444f?sa=X&ved=2ahUKEwjVl8fZnMH4AhWByoUKHek_A4oQ8gF6BAg8EAE	"[""post@conventus.de""]"		0
https://www.dgti-kongress.de	55. Jahrestagung der Deutschen Gesellschaft für Transfusionsmedizin und Immunhämatologie DGTI	2022-09-21	2022-09-23					Conventus Congressmanagement & Marketing	https://www.conventus.de/						Mannheim, DE	Germany	Mannheim, DE	https://www.dgti-kongress.de	https://www.google.com/maps/place/Mannheim,+Germany/data=!4m2!3m1!1s0x4797cc24518e3f45:0xb1e4fe7aa406e687?sa=X&ved=2ahUKEwjDlqnmnMH4AhWD4oUKHbCzB0wQ8gF6BAgvEAE	"[""post@conventus.de""]"		0
https://www.dgs-tagung-jena.de/	48. Jahrestagung der Deutschen Gesellschaft für Suizidprävention DGS	2022-09-22	2022-09-24					Conventus Congressmanagement & Marketing	https://www.conventus.de/						Jena, DE	Germany	Jena, DE	https://www.dgs-tagung-jena.de/	https://www.google.com/maps/place/Jena,+Germany/data=!4m2!3m1!1s0x47a6a8b94f0a2f59:0x4208ec174333620?sa=X&ved=2ahUKEwi2kMHwnMH4AhXIhc4BHd4vBEsQ8gF6BAgrEAE	"[""post@conventus.de""]"		0
https://www.prokagenomics.org/	ProkaGENOMICS 2022 - From Small Viruses to Complex Communities	2022-09-25	2022-09-28					Conventus Congressmanagement & Marketing	https://www.conventus.de/						Göttingen, DE	Germany	Göttingen, DE	https://www.prokagenomics.org/	https://www.google.com/maps/place/G%C3%B6ttingen,+Germany/data=!4m2!3m1!1s0x47a4d4b86f98cac7:0x425ac6d94ac3e30?sa=X&ved=2ahUKEwichMn7nMH4AhUD04UKHde2B0sQ8gF6BAg8EAE	"[""post@conventus.de""]"		0
https://www.akademie-der-dwg.de/veranstaltungen/kursuebersicht/	DWG Basiskurswoche	2022-09-26	2022-10-01					Conventus Congressmanagement & Marketing	https://www.conventus.de/						Digital, DE		Digital, DE	https://www.akademie-der-dwg.de/veranstaltungen/kursuebersicht/		"[""post@conventus.de""]"		0
https://www.poct-symposium.de	5. Münchner Point-of-care Testing Symposium	2022-09-27	2022-09-29					Conventus Congressmanagement & Marketing	https://www.conventus.de/						München, DE	München	München, DE	https://www.poct-symposium.de	https://www.google.com/maps/place/Munich,+Germany/data=!4m2!3m1!1s0x479e75f9a38c5fd9:0x10cb84a7db1987d?sa=X&ved=2ahUKEwiDouKXncH4AhVOx4UKHdetDVgQ8gF6BAgoEAE	"[""post@conventus.de""]"		0
https://www.biomechanik-kongress.de	12. Kongress der Deutschen Gesellschaft für Biomechanik DGfB	2022-09-28	2022-10-01					Conventus Congressmanagement & Marketing	https://www.conventus.de/						Köln, DE	Köln	Köln, DE	https://www.biomechanik-kongress.de	https://www.google.com/maps/place/Cologne,+Germany/data=!4m2!3m1!1s0x47bf259169ab2fe5:0x42760fc4a2a77f0?sa=X&ved=2ahUKEwipwaWkncH4AhUHRBoKHflCDkgQ8gF6BAg-EAE	"[""post@conventus.de""]"		0
https://www.herbsttagung2022.de/	Conventus Herbsttagung in der Leopoldina mit wissenschaftlicher Unterstützung der ADANO	2022-10-06	2022-10-07					Conventus Congressmanagement & Marketing	https://www.conventus.de/						Halle, DE	Germany	Halle, DE	https://www.herbsttagung2022.de/	https://www.google.com/maps/place/Halle+(Saale),+Germany/data=!4m2!3m1!1s0x47a66347fcfc709f:0x4236659f806e460?sa=X&ved=2ahUKEwi90KavncH4AhWOyYUKHag0DUwQ8gF6BAg6EAE	"[""post@conventus.de""]"		0
https://www.gsb-kongress.de	29. Jahrestagung der Gesellschaft für Schädelbasischirurgie	2022-10-07	2022-10-08					Conventus Congressmanagement & Marketing	https://www.conventus.de/						Fulda, DE	Germany	Fulda, DE	https://www.gsb-kongress.de	https://www.google.com/maps/place/Fulda,+Germany/data=!4m2!3m1!1s0x47a33449e9f9b92d:0x422435029b0ab30?sa=X&ved=2ahUKEwi_44a7ncH4AhVQNRoKHcxyC4QQ8gF6BAg4EAE	"[""post@conventus.de""]"		0
https://iwn2022.org/	International Workshop on Nitride Semiconductors	2022-10-09	2022-10-14					Conventus Congressmanagement & Marketing	https://www.conventus.de/						Berlin, DE	Germany	Berlin, DE	https://iwn2022.org/	https://www.google.com/maps/place/Berlin,+Germany/data=!4m2!3m1!1s0x47a84e373f035901:0x42120465b5e3b70?sa=X&ved=2ahUKEwiN1tTGncH4AhXRzoUKHSw6CksQ8gF6BAg0EAE	"[""post@conventus.de""]"		0
https://www.interpneu-nuernberg.de	39. InterPneu Nürnberg	2022-10-14	2022-10-15					Conventus Congressmanagement & Marketing	https://www.conventus.de/						Nürnberg, DE	Nürnberg	Nürnberg, DE	https://www.interpneu-nuernberg.de	https://www.google.com/maps/place/Nuremberg,+Germany/data=!4m2!3m1!1s0x479f57aeb5b61cd3:0xdd5daf85a98c21b7?sa=X&ved=2ahUKEwj6zKjSncH4AhWy34UKHY_GBK8Q8gF6BAgpEAE	"[""post@conventus.de""]"		0
https://www.intensivtagung-jena.de	11. Jenaer Intensivmedizinisches Symposium	2022-11-05	2022-11-05					Conventus Congressmanagement & Marketing	https://www.conventus.de/						Jena, DE	Germany	Jena, DE	https://www.intensivtagung-jena.de	https://www.google.com/maps/place/Jena,+Germany/data=!4m2!3m1!1s0x47a6a8b94f0a2f59:0x4208ec174333620?sa=X&ved=2ahUKEwi1t5fencH4AhURKhoKHelCA0wQ8gF6BAgrEAE	"[""post@conventus.de""]"		0
https://www.nc-akademie.de	41. Weiterbildungstagung der Neurochirurgischen Akademie (NCA)	2022-11-09	2022-11-12					Conventus Congressmanagement & Marketing	https://www.conventus.de/						Bamberg, DE	Germany	Bamberg, DE	https://www.nc-akademie.de	https://www.google.com/maps/place/Bamberg,+Germany/data=!4m2!3m1!1s0x47a2230538d4beb5:0x41db728f061d980?sa=X&ved=2ahUKEwj9lqzqncH4AhUWwIUKHfq4DUcQ8gF6BAg9EAE	"[""post@conventus.de""]"		0
https://www.dgsm-kongress.de	30. Jahrestagung der Deutschen Gesellschaft für Schlafforschung und Schlafmedizin DGSM	2022-11-10	2022-11-12					Conventus Congressmanagement & Marketing	https://www.conventus.de/						Wiesbaden, DE		Wiesbaden, DE	https://www.dgsm-kongress.de		"[""post@conventus.de""]"		0
https://www.akademie-der-dwg.de/veranstaltungen/kursuebersicht/	DWG Konservativer Basiskurs 2022 - Modul 4	2022-11-12	2022-11-12					Conventus Congressmanagement & Marketing	https://www.conventus.de/						Mainz+Digital, DE		Mainz+Digital, DE	https://www.akademie-der-dwg.de/veranstaltungen/kursuebersicht/		"[""post@conventus.de""]"		0
https://www.nuernberger-wundkongress.de	05. Nürnberger Wundkongress	2022-12-01	2022-12-02					Conventus Congressmanagement & Marketing	https://www.conventus.de/						Nürnberg, DE	Nürnberg	Nürnberg, DE	https://www.nuernberger-wundkongress.de	https://www.google.com/maps/place/Nuremberg,+Germany/data=!4m2!3m1!1s0x479f57aeb5b61cd3:0xdd5daf85a98c21b7?sa=X&ved=2ahUKEwj6zKjSncH4AhWy34UKHY_GBK8Q8gF6BAgpEAE	"[""post@conventus.de""]"		0
https://www.headache-congress.org/	16th European Headache Congress EHF	2022-12-07	2022-12-10					Conventus Congressmanagement & Marketing	https://www.conventus.de/						Wien+Digital, AT		Wien+Digital, AT	https://www.headache-congress.org/	https://www.google.com/maps/place/Magistratsabteilung+01+-+Wien+Digital/@48.2291759,16.4563305,15z/data=!4m2!3m1!1s0x0:0xda6aa0fcc9cd54c?sa=X&ved=2ahUKEwitqP-bnsH4AhWV_4UKHbBSA0kQ_BJ6BAglEAU	"[""post@conventus.de""]"		0
https://www.dgnr-dgnkn-tagung.de	9. Gemeinsame Jahrestagung der Deutschen Gesellschaft für Neurorehabilitation DGNR und der Deutschen Gesellschaft für Neurotraumatologie und Klinische Neurorehabilitation DGNKN	2022-12-08	2022-12-10					Conventus Congressmanagement & Marketing	https://www.conventus.de/						Dresden, DE	Germany	Dresden, DE	https://www.dgnr-dgnkn-tagung.de	https://www.google.com/maps/place/Dresden,+Germany/data=!4m2!3m1!1s0x4709cf29101ad6a9:0x421b1cb4288feb0?sa=X&ved=2ahUKEwj13r-pnsH4AhUDXRoKHekDBIkQ8gF6BAgaEAE	"[""post@conventus.de""]"		0
https://www.dwg-kongress.de	17. Deutscher Wirbelsäulenkongress - Jahrestagung der Deutschen Wirbelsäulengesellschaft DWG	2022-12-08	2022-12-10					Conventus Congressmanagement & Marketing	https://www.conventus.de/						Berlin, DE	Germany	Berlin, DE	https://www.dwg-kongress.de	https://www.google.com/maps/place/Berlin,+Germany/data=!4m2!3m1!1s0x47a84e373f035901:0x42120465b5e3b70?sa=X&ved=2ahUKEwjT3fa0nsH4AhVH0YUKHZZ7CkgQ8gF6BAg1EAE	"[""post@conventus.de""]"		0
https://www.wfnr-congress.org	12th World Congress for Neurorehabilitation WFNR	2022-12-14	2022-12-17					Conventus Congressmanagement & Marketing	https://www.conventus.de/						Wien, AT	Wien	Wien, AT	https://www.wfnr-congress.org	https://www.google.com/maps/place/Vienna,+Austria/data=!4m2!3m1!1s0x476d079e5136ca9f:0xfdc2e58a51a25b46?sa=X&ved=2ahUKEwjnpMe9nsH4AhWK5RoKHcwcCEwQ8gF6BAg3EAE	"[""post@conventus.de""]"		0
https://www.angiologie-weimar.de/	30. Gemeinsame Arbeitstagung Angiologie interdisziplinär	2023-01-06	2023-01-07					Conventus Congressmanagement & Marketing	https://www.conventus.de/						Weimar, DE	Germany	Weimar, DE	https://www.angiologie-weimar.de/	https://www.google.com/maps/place/Weimar,+Germany/data=!4m2!3m1!1s0x47a41ac631ed5ba9:0x4208ec174333640?sa=X&ved=2ahUKEwjD78XInsH4AhUJNRoKHQO0CUgQ8gF6BAg6EAE	"[""post@conventus.de""]"		0
https://www.anim.de	ANIM 2023 - Arbeitstagung NeuroIntensivMedizin - 40. Jahrestagung der DGNI und DSG	2023-01-19	2023-01-21					Conventus Congressmanagement & Marketing	https://www.conventus.de/						Berlin, DE	Germany	Berlin, DE	https://www.anim.de	https://www.google.com/maps/place/Berlin,+Germany/data=!4m2!3m1!1s0x47a84e373f035901:0x42120465b5e3b70?sa=X&ved=2ahUKEwjT3fa0nsH4AhVH0YUKHZZ7CkgQ8gF6BAg1EAE	"[""post@conventus.de""]"		0
https://www.ado-auftaktsymposium.de	Jahresauftakt-Symposium der ADO 2023	2023-01-20	2023-01-21					Conventus Congressmanagement & Marketing	https://www.conventus.de/						Mainz, DE		Mainz, DE	https://www.ado-auftaktsymposium.de		"[""post@conventus.de""]"		0
https://www.endokongress.de	16. Endoprothetikkongress Berlin	2023-02-09	2023-02-11					Conventus Congressmanagement & Marketing	https://www.conventus.de/						Berlin, DE	Germany	Berlin, DE	https://www.endokongress.de	https://www.google.com/maps/place/Berlin,+Germany/data=!4m2!3m1!1s0x47a84e373f035901:0x42120465b5e3b70?sa=X&ved=2ahUKEwjT3fa0nsH4AhVH0YUKHZZ7CkgQ8gF6BAg1EAE	"[""post@conventus.de""]"		0
https://www.vaam-kongress.de	Annual Conference 2023 of the Association for General and Applied Microbiology - Jahrestagung 2023 der Vereinigung für Allgemeine und Angewandte Mikrobiologie VAAM	2023-02-26	2023-03-01					Conventus Congressmanagement & Marketing	https://www.conventus.de/						Göttingen, DE	Germany	Göttingen, DE	https://www.vaam-kongress.de	https://www.google.com/maps/place/G%C3%B6ttingen,+Germany/data=!4m2!3m1!1s0x47a4d4b86f98cac7:0x425ac6d94ac3e30?sa=X&ved=2ahUKEwjAmKnznsH4AhWF0oUKHSjmCkoQ8gF6BAg1EAE	"[""post@conventus.de""]"		0
https://www.microscopy-conference.de	Microscopy Conference 2023 - Deutsche Gesellschaft für Elektronenmikroskopie	2023-02-26	2023-03-02					Conventus Congressmanagement & Marketing	https://www.conventus.de/						Darmstadt, DE	Germany	Darmstadt, DE	https://www.microscopy-conference.de	https://www.google.com/maps/place/Darmstadt,+Germany/data=!4m2!3m1!1s0x47bd70641173cdd9:0x422435029b0c5f0?sa=X&ved=2ahUKEwivteL8nsH4AhUI7xoKHTrPA0kQ8gF6BAg6EAE	"[""post@conventus.de""]"		0
https://www.microscopy-conference.de/	Microscopy Conference 2023	2023-02-26	2023-03-02					Conventus Congressmanagement & Marketing	https://www.conventus.de/						Darmstadt, DE	Germany	Darmstadt, DE	https://www.microscopy-conference.de/	https://www.google.com/maps/place/Darmstadt,+Germany/data=!4m2!3m1!1s0x47bd70641173cdd9:0x422435029b0c5f0?sa=X&ved=2ahUKEwivteL8nsH4AhUI7xoKHTrPA0kQ8gF6BAg6EAE	"[""post@conventus.de""]"		0
https://www.dgkn-kongress.de	Kongress für Klinische Neurowissenschaften mit Fortbildungsakademie	2023-03-02	2023-03-03					Conventus Congressmanagement & Marketing	https://www.conventus.de/						Hamburg, DE	Germany	Hamburg, DE	https://www.dgkn-kongress.de	https://www.google.com/maps/place/Hamburg,+Germany/data=!4m2!3m1!1s0x47b161837e1813b9:0x4263df27bd63aa0?sa=X&ved=2ahUKEwjfhoGQn8H4AhVQ4BoKHf13AksQ8gF6BAgaEAE	"[""post@conventus.de""]"		0
https://www.gpts-kongress.de	8th German Pharm-Tox Summit DGPT	2023-03-06	2023-03-09					Conventus Congressmanagement & Marketing	https://www.conventus.de/						Ulm, DE	Germany	Ulm, DE	https://www.gpts-kongress.de	https://www.google.com/maps/place/Ulm,+Germany/data=!4m2!3m1!1s0x4799646998350bfd:0x41f6bb7a5df7d90?sa=X&ved=2ahUKEwiElI6bn8H4AhUQfBoKHSxADkwQ8gF6BAg3EAE	"[""post@conventus.de""]"		0
https://www.dgk-conference.de	31. Jahrestagung der Deutschen Gesellschaft für Kristallographie DGK	2023-03-13	2023-03-16					Conventus Congressmanagement & Marketing	https://www.conventus.de/						Frankfurt, DE	Germany	Frankfurt, DE	https://www.dgk-conference.de	https://www.google.com/maps/place/Frankfurt,+Germany/data=!4m2!3m1!1s0x47bd096f477096c5:0x422435029b0c600?sa=X&ved=2ahUKEwjhzuGln8H4AhUNKhoKHalvAEsQ8gF6BAhEEAE	"[""post@conventus.de""]"		0
https://www.epilepsie-tagung.de	12. Gemeinsame Jahrestagung der Deutschen und Österreichischen Gesellschaft für Epileptologie und der Schweizerischen Epilepsie-Liga DGfE, ÖGfE und SEL	2023-03-15	2023-03-18					Conventus Congressmanagement & Marketing	https://www.conventus.de/						Berlin, DE	Germany	Berlin, DE	https://www.epilepsie-tagung.de	https://www.google.com/maps/place/Berlin,+Germany/data=!4m2!3m1!1s0x47a84e373f035901:0x42120465b5e3b70?sa=X&ved=2ahUKEwjT3fa0nsH4AhVH0YUKHZZ7CkgQ8gF6BAg1EAE	"[""post@conventus.de""]"		0
https://www.dgm-kongress.de	26. Kongress des Medizinisch-Wissenschaftlichen Beirates der Deutschen Gesellschaft für Muskelkranke DGM	2023-03-22	2023-03-25					Conventus Congressmanagement & Marketing	https://www.conventus.de/						Essen, DE	Germany	Essen, DE	https://www.dgm-kongress.de	https://www.google.com/maps/place/Essen,+Germany/data=!4m2!3m1!1s0x47b8c2b796abf639:0x6a00e111a4ad2c9d?sa=X&ved=2ahUKEwiP3bO2n8H4AhUW44UKHYeLDUoQ8gF6BAgqEAE	"[""post@conventus.de""]"		0
https://www.ittbd-symposium.com	15th International Symposium on Ticks and Tick-borne Diseases	2023-03-29	2023-03-31					Conventus Congressmanagement & Marketing	https://www.conventus.de/						Weimar, DE	Germany	Weimar, DE	https://www.ittbd-symposium.com	https://www.google.com/maps/place/Weimar,+Germany/data=!4m2!3m1!1s0x47a41ac631ed5ba9:0x4208ec174333640?sa=X&ved=2ahUKEwjQ87m_n8H4AhUQ_BoKHYZ6AUsQ8gF6BAg8EAE	"[""post@conventus.de""]"		0
https://www.dmgp-kongress.de	36. Jahrestagung der Deutschsprachigen medizinischen Gesellschaft für Paraplegiologie DMGP	2023-04-19	2023-04-22					Conventus Congressmanagement & Marketing	https://www.conventus.de/						Nottwil, CH	Switzerland	Nottwil, CH	https://www.dmgp-kongress.de	https://www.google.com/maps/place/Nottwil,+Switzerland/data=!4m2!3m1!1s0x478fe1b317d9e137:0x18b13be76951a60c?sa=X&ved=2ahUKEwjur5XIn8H4AhVU0oUKHQfzA14Q8gF6BAghEAE	"[""post@conventus.de""]"		0
https://www.eusv-congress.eu	8th European Congress of Virology 2023	2023-05-04	2023-05-07					Conventus Congressmanagement & Marketing	https://www.conventus.de/						Danzig, PL	Poland	Danzig, PL	https://www.eusv-congress.eu	https://www.google.com/maps/place/Gda%C5%84sk,+Poland/data=!4m2!3m1!1s0x46fd731c14d4fa6f:0x9bb9fbf163b7be8d?sa=X&ved=2ahUKEwj43d7Rn8H4AhUR_hoKHbvMCUwQ8gF6BAgrEAE	"[""post@conventus.de""]"		0
https://www.estes-congress.org/	22nd European Congress of Trauma & Emergency Surgery ESTES	2023-05-07	2023-05-09					Conventus Congressmanagement & Marketing	https://www.conventus.de/						Ljubljana, SL		Ljubljana, SL	https://www.estes-congress.org/		"[""post@conventus.de""]"		0
https://www.dgpro-kongress.de/	70. Jahrestagung der Deutsche Gesellschaft für Prothetische Zahnmedizin und Biomaterialien e.V. DGPro	2023-05-11	2023-05-13					Conventus Congressmanagement & Marketing	https://www.conventus.de/						Würzburg, DE	Germany	Würzburg, DE	https://www.dgpro-kongress.de/	https://www.google.com/maps/place/W%C3%BCrzburg,+Germany/data=!4m2!3m1!1s0x47a2902012da4dd9:0x41db728f06209a0?sa=X&ved=2ahUKEwjlwJ3pn8H4AhUI5hoKHWuJCkoQ8gF6BAg-EAE	"[""post@conventus.de""]"		0
https://www.innate-immunity-conference.de	Novel Concepts in Innate Immunity	2023-05-31	2023-06-02					Conventus Congressmanagement & Marketing	https://www.conventus.de/						Tübingen, DE	Germany	Tübingen, DE	https://www.innate-immunity-conference.de	https://www.google.com/maps/place/T%C3%BCbingen,+Germany/data=!4m2!3m1!1s0x4799fad4edcdd081:0xac08aecefe33a78d?sa=X&ved=2ahUKEwi-v8bxn8H4AhUG0oUKHQ5_D0oQ8gF6BAg2EAE	"[""post@conventus.de""]"		0
https://www.dgnc-kongress.de	74. Jahrestagung der Deutschen Gesellschaft für Neurochirurgie DGNC	2023-06-25	2023-06-28					Conventus Congressmanagement & Marketing	https://www.conventus.de/						Stuttgart, DE	Germany	Stuttgart, DE	https://www.dgnc-kongress.de	https://www.google.com/maps/place/Stuttgart,+Germany/data=!4m2!3m1!1s0x4799db34c1ad8fd3:0x79d5c11c7791cfe4?sa=X&ved=2ahUKEwjp2KD9n8H4AhXF4YUKHX0eAdQQ8gF6BAgUEAE	"[""post@conventus.de""]"		0
https://www.talsperrensymposium.de	19. Deutsches Talsperrensymposium DTK	2023-07-04	2023-07-06					Conventus Congressmanagement & Marketing	https://www.conventus.de/						Lindau, DE	88131	Lindau, DE	https://www.talsperrensymposium.de	https://www.google.com/maps/place/88131+Lindau,+Germany/data=!4m2!3m1!1s0x479b0c36dec90e9d:0x4538aafa21612f80?sa=X&ved=2ahUKEwjk9PGHoMH4AhXM0oUKHbPNBksQ8gF6BAg5EAE	"[""post@conventus.de""]"		0
https://www.efnr-congress.org	7th European Congress of NeuroRehabilitation EFNR	2023-08-30	2023-09-02					Conventus Congressmanagement & Marketing	https://www.conventus.de/						Lyon, FR	France	Lyon, FR	https://www.efnr-congress.org	https://www.google.com/maps/place/Lyon,+France/data=!4m2!3m1!1s0x47f4ea516ae88797:0x408ab2ae4bb21f0?sa=X&ved=2ahUKEwiY3byQoMH4AhUGhc4BHY-xBgsQ8gF6BAg7EAE	"[""post@conventus.de""]"		0
https://www.ado-kongress.de	33. Deutscher Hautkrebskongress	2023-09-06	2023-09-09					Conventus Congressmanagement & Marketing	https://www.conventus.de/						Hamburg, DE	Germany	Hamburg, DE	https://www.ado-kongress.de	https://www.google.com/maps/place/Hamburg,+Germany/data=!4m2!3m1!1s0x47b161837e1813b9:0x4263df27bd63aa0?sa=X&ved=2ahUKEwjbl_2ZoMH4AhWux4UKHTB7DksQ8gF6BAgQEAE	"[""post@conventus.de""]"		0
http://www.icn2023.de/	XX. International Congress of Neuropathology ISN	2023-09-13	2023-09-16					Conventus Congressmanagement & Marketing	https://www.conventus.de/						Berlin, DE	Germany	Berlin, DE	http://www.icn2023.de/	https://www.google.com/maps/place/Berlin,+Germany/data=!4m2!3m1!1s0x47a84e373f035901:0x42120465b5e3b70?sa=X&ved=2ahUKEwj9zfGkoMH4AhVU_IUKHVuZCkwQ8gF6BAg5EAE	"[""post@conventus.de""]"		0
https://www.dghm-kongress.de	75. Jahrestagung der Deutschen Gesellschaft für Hygiene und Mikrobiologie	2023-09-18	2023-09-22					Conventus Congressmanagement & Marketing	https://www.conventus.de/						Lübeck, DE	Germany	Lübeck, DE	https://www.dghm-kongress.de	https://www.google.com/maps/place/L%C3%BCbeck,+Germany/data=!4m2!3m1!1s0x47b20953f70b9df3:0xf4725f573e7e12b4?sa=X&ved=2ahUKEwjx1PmuoMH4AhWV0oUKHVAxAZgQ8gF6BAg0EAE	"[""post@conventus.de""]"		0
https://www.dgti-kongress.de	56. Jahrestagung der Deutschen Gesellschaft für Transfusionsmedizin und Immunhämatologie	2023-09-20	2023-09-22					Conventus Congressmanagement & Marketing	https://www.conventus.de/						Berlin, DE	Germany	Berlin, DE	https://www.dgti-kongress.de	https://www.google.com/maps/place/Berlin,+Germany/data=!4m2!3m1!1s0x47a84e373f035901:0x42120465b5e3b70?sa=X&ved=2ahUKEwj9zfGkoMH4AhVU_IUKHVuZCkwQ8gF6BAg5EAE	"[""post@conventus.de""]"		0
https://www.intermetallics-conference.de	Intermetallics 2023	2023-10-02	2023-10-06					Conventus Congressmanagement & Marketing	https://www.conventus.de/						Bad Staffelstein, DE	96231	Bad Staffelstein, DE	https://www.intermetallics-conference.de	https://www.google.com/maps/place/96231+Bad+Staffelstein,+Germany/data=!4m2!3m1!1s0x47a22c67f222aec1:0x41db728f061e4b0?sa=X&ved=2ahUKEwi9mOvDoMH4AhXT3YUKHfyEC0wQ8gF6BAgpEAE	"[""post@conventus.de""]"		0
https://www.nc-akademie.de	42. Weiterbildungstagung der Neurochirurgischen Akademie (NCA)	2023-11-08	2023-11-11					Conventus Congressmanagement & Marketing	https://www.conventus.de/						, DE		, DE	https://www.nc-akademie.de		"[""post@conventus.de""]"		0
https://www.headache-congress.org/	17th European Headache Congress EHF	2023-11-20	2023-11-27					Conventus Congressmanagement & Marketing	https://www.conventus.de/						Valencia, ES	Spain	Valencia, ES	https://www.headache-congress.org/	https://www.google.com/maps/place/Valencia,+Spain/data=!4m2!3m1!1s0xd604f4cf0efb06f:0xb4a351011f7f1d39?sa=X&ved=2ahUKEwiY1LHgoMH4AhVGSxoKHdYUDEsQ8gF6BAg2EAE	"[""post@conventus.de""]"		0
https://www.dwg-kongress.de	18. Deutscher Wirbelsäulenkongress - Jahrestagung der Deutschen Wirbelsäulengesellschaft DWG	2023-11-30	2023-12-02					Conventus Congressmanagement & Marketing	https://www.conventus.de/						Stuttgart, DE	Germany	Stuttgart, DE	https://www.dwg-kongress.de	https://www.google.com/maps/place/Stuttgart,+Germany/data=!4m2!3m1!1s0x4799db34c1ad8fd3:0x79d5c11c7791cfe4?sa=X&ved=2ahUKEwi42IbroMH4AhVJRBoKHb6ABiMQ8gF6BAgUEAE	"[""post@conventus.de""]"		0
https://www.dgpm-kongress.de	31. Kongress der Deutschen Gesellschaft für Perinatale Medizin DGPM	2023-11-30	2023-12-02					Conventus Congressmanagement & Marketing	https://www.conventus.de/						Berlin, DE	Germany	Berlin, DE	https://www.dgpm-kongress.de	https://www.google.com/maps/place/Berlin,+Germany/data=!4m2!3m1!1s0x47a84e373f035901:0x42120465b5e3b70?sa=X&ved=2ahUKEwj9zfGkoMH4AhVU_IUKHVuZCkwQ8gF6BAg5EAE	"[""post@conventus.de""]"		0
https://www.mitteldeutscher-schmerztag.de	12. Mitteldeutscher Schmerztag	2023-12-01	2023-12-02					Conventus Congressmanagement & Marketing	https://www.conventus.de/						Dresden, DE	Germany	Dresden, DE	https://www.mitteldeutscher-schmerztag.de	https://www.google.com/maps/place/Dresden,+Germany/data=!4m2!3m1!1s0x4709cf29101ad6a9:0x421b1cb4288feb0?sa=X&ved=2ahUKEwjLutn-oMH4AhVGSxoKHdYUDEsQ8gF6BAg0EAE	"[""post@conventus.de""]"		0
https://www.dgsm-kongress.de	31. Jahrestagung der Deutschen Gesellschaft für Schlafforschung und Schlafmedizin DGSM	2023-12-05	2023-12-09					Conventus Congressmanagement & Marketing	https://www.conventus.de/						Berlin, DE	Germany	Berlin, DE	https://www.dgsm-kongress.de	https://www.google.com/maps/place/Berlin,+Germany/data=!4m2!3m1!1s0x47a84e373f035901:0x42120465b5e3b70?sa=X&ved=2ahUKEwj9zfGkoMH4AhVU_IUKHVuZCkwQ8gF6BAg5EAE	"[""post@conventus.de""]"		0
https://www.dgnr-tagung.de	28. Jahrestagung der Deutschen Gesellschaft für Neurorehabilitation DGNR	2023-12-13	2023-12-16					Conventus Congressmanagement & Marketing	https://www.conventus.de/						Augsburg, DE		Augsburg, DE	https://www.dgnr-tagung.de		"[""post@conventus.de""]"		0
https://www.anim.de	ANIM 2024 - Arbeitstagung NeuroIntensivMedizin 41. Jahrestagung der DGNI und DSG	2024-02-01	2024-02-03					Conventus Congressmanagement & Marketing	https://www.conventus.de/						Kassel, DE	Germany	Kassel, DE	https://www.anim.de	https://www.google.com/maps/place/Kassel,+Germany/data=!4m2!3m1!1s0x47bb3f4e9f7a6c1d:0x2f84633d58221747?sa=X&ved=2ahUKEwiyv_-jocH4AhX2gM4BHVuHCEoQ8gF6BAg7EAE	"[""post@conventus.de""]"		0
https://www.wfnr-congress.org	13th World Congress for Neurorehabilitation WFNR	2024-05-21	2024-05-24					Conventus Congressmanagement & Marketing	https://www.conventus.de/						Vancouver, CA	British Columbia	Vancouver, CA	https://www.wfnr-congress.org	https://www.google.com/maps/place/Vancouver,+BC,+Canada/data=!4m2!3m1!1s0x548673f143a94fb3:0xbb9196ea9b81f38b?sa=X&ved=2ahUKEwjoxvqwocH4AhUMgRoKHRfjA0oQ8gF6BAg6EAE	"[""post@conventus.de""]"		0
https://www.dmgp-kongress.de	37. Jahrestagung der Deutschsprachigen medizinischen Gesellschaft für Paraplegiologie DMGP	2024-06-05	2024-06-08					Conventus Congressmanagement & Marketing	https://www.conventus.de/						Weimar, DE	Germany	Weimar, DE	https://www.dmgp-kongress.de	https://www.google.com/maps/place/Weimar,+Germany/data=!4m2!3m1!1s0x47a41ac631ed5ba9:0x4208ec174333640?sa=X&ved=2ahUKEwjl1Z67ocH4AhXDxYUKHfaEBX0Q8gF6BAgyEAE	"[""post@conventus.de""]"		0
https://www.ado-kongress.de	34. Deutscher Hautkrebskongress	2024-09-11	2024-09-14					Conventus Congressmanagement & Marketing	https://www.conventus.de/						Würzburg, DE	Germany	Würzburg, DE	https://www.ado-kongress.de	https://www.google.com/maps/place/W%C3%BCrzburg,+Germany/data=!4m2!3m1!1s0x47a2902012da4dd9:0x41db728f06209a0?sa=X&ved=2ahUKEwj5lI3HocH4AhUmxYUKHb6WAxkQ8gF6BAhBEAE	"[""post@conventus.de""]"		0
https://www.dgti-kongress.de	57. Jahrestagung der Deutschen Gesellschaft für Transfusionsmedizin und Immunhämatologie DGTI	2024-09-11	2024-09-13					Conventus Congressmanagement & Marketing	https://www.conventus.de/						Düsseldorf, DE	Germany	Düsseldorf, DE	https://www.dgti-kongress.de	https://www.google.com/maps/place/D%C3%BCsseldorf,+Germany/data=!4m2!3m1!1s0x47b8c97bf1465907:0x42760fc4a2a73b0?sa=X&ved=2ahUKEwjvzIvSocH4AhUKRBoKHcGjAbkQ8gF6BAg3EAE	"[""post@conventus.de""]"		0
https://www.nuernberger-wundkongress.de	07. Nürnberger Wundkongress	2024-12-05	2024-12-07					Conventus Congressmanagement & Marketing	https://www.conventus.de/						Nürnberg, DE	Nürnberg	Nürnberg, DE	https://www.nuernberger-wundkongress.de	https://www.google.com/maps/place/Nuremberg,+Germany/data=!4m2!3m1!1s0x479f57aeb5b61cd3:0xdd5daf85a98c21b7?sa=X&ved=2ahUKEwiW2ZbgocH4AhUFxhoKHfcRDUgQ8gF6BAgrEAE	"[""post@conventus.de""]"		0
https://www.anim.de	ANIM 2025 - Arbeitstagung NeuroIntensivMedizin 42. Jahrestagung der DGNI und DSG	2025-01-30	2025-02-01					Conventus Congressmanagement & Marketing	https://www.conventus.de/						Berlin, DE	Germany	Berlin, DE	https://www.anim.de	https://www.google.com/maps/place/Berlin,+Germany/data=!4m2!3m1!1s0x47a84e373f035901:0x42120465b5e3b70?sa=X&ved=2ahUKEwiT1uDpocH4AhUM_BoKHYZhDEsQ8gF6BAg2EAE	"[""post@conventus.de""]"		0
https://www.ado-kongress.de	35. Deutscher Hautkrebskongress	2025-09-10	2025-09-13					Conventus Congressmanagement & Marketing	https://www.conventus.de/						Essen, DE	Germany	Essen, DE	https://www.ado-kongress.de	https://www.google.com/maps/place/Essen,+Germany/data=!4m2!3m1!1s0x47b8c2b796abf639:0x6a00e111a4ad2c9d?sa=X&ved=2ahUKEwj0wfrzocH4AhXjhM4BHTprAcUQ8gF6BAgoEAE	"[""post@conventus.de""]"		0
https://www.nuernberger-wundkongress.de	08. Nürnberger Wundkongress	2025-12-04	2025-12-06					Conventus Congressmanagement & Marketing	https://www.conventus.de/						Nürnberg, DE	Nürnberg	Nürnberg, DE	https://www.nuernberger-wundkongress.de	https://www.google.com/maps/place/Nuremberg,+Germany/data=!4m2!3m1!1s0x479f57aeb5b61cd3:0xdd5daf85a98c21b7?sa=X&ved=2ahUKEwiW2ZbgocH4AhUFxhoKHfcRDUgQ8gF6BAgrEAE	"[""post@conventus.de""]"		0
https://www.anim.de	ANIM 2026 - Arbeitstagung NeuroIntensivMedizin 43. Jahrestagung der DGNI und DSG	2026-02-05	2026-02-07					Conventus Congressmanagement & Marketing	https://www.conventus.de/						Dortmund, DE		Dortmund, DE	https://www.anim.de		"[""post@conventus.de""]"		0
https://www.ado-kongress.de	36. Deutscher Hautkrebskongress	2026-09-09	2026-09-12					Conventus Congressmanagement & Marketing	https://www.conventus.de/						Leipzig, DE	Germany	Leipzig, DE	https://www.ado-kongress.de	https://www.google.com/maps/place/Leipzig,+Germany/data=!4m2!3m1!1s0x47a6f818200f2c73:0x93df80d2b9b4f552?sa=X&ved=2ahUKEwjcnM-RosH4AhVahM4BHY4tC0wQ8gF6BAg9EAE	"[""post@conventus.de""]"		0
https://www.ado-kongress.de	37. Deutscher Hautkrebskongress	2027-09-08	2027-09-11					Conventus Congressmanagement & Marketing	https://www.conventus.de/						Nürnberg, DE	Nürnberg	Nürnberg, DE	https://www.ado-kongress.de	https://www.google.com/maps/place/Nuremberg,+Germany/data=!4m2!3m1!1s0x479f57aeb5b61cd3:0xdd5daf85a98c21b7?sa=X&ved=2ahUKEwiW2ZbgocH4AhUFxhoKHfcRDUgQ8gF6BAgrEAE	"[""post@conventus.de""]"		0
https://www.anim.de	ANIM 2028 - Arbeitstagung NeuroIntensivMedizin 45. Jahrestagung der DGNI und DSG	2028-01-13	2028-01-15					Conventus Congressmanagement & Marketing	https://www.conventus.de/						Düsseldorf, DE	Germany	Düsseldorf, DE	https://www.anim.de	https://www.google.com/maps/place/D%C3%BCsseldorf,+Germany/data=!4m2!3m1!1s0x47b8c97bf1465907:0x42760fc4a2a73b0?sa=X&ved=2ahUKEwjvzIvSocH4AhUKRBoKHcGjAbkQ8gF6BAg3EAE	"[""post@conventus.de""]"		0
